{
  "layer_ratio": 0.8,
  "similarity_matrix": {
    "biology": {
      "biology": 1.0,
      "chemistry": 0.955223798751831,
      "computer_sciense": 0.9319884181022644,
      "cybersecurity": 0.9347306489944458,
      "economics": 0.9368323087692261,
      "law": 0.9150065183639526,
      "mathematics": 0.9188275337219238,
      "medicine": 0.9708542823791504,
      "physics": 0.938235342502594,
      "weapons": 0.9311787486076355
    },
    "chemistry": {
      "biology": 0.955223798751831,
      "chemistry": 1.0000001192092896,
      "computer_sciense": 0.9227337837219238,
      "cybersecurity": 0.9165070652961731,
      "economics": 0.9312072992324829,
      "law": 0.9001250863075256,
      "mathematics": 0.9373771548271179,
      "medicine": 0.9293333292007446,
      "physics": 0.9678664207458496,
      "weapons": 0.9179647564888
    },
    "computer_sciense": {
      "biology": 0.9319884181022644,
      "chemistry": 0.9227337837219238,
      "computer_sciense": 1.0,
      "cybersecurity": 0.9746701717376709,
      "economics": 0.9433700442314148,
      "law": 0.932063639163971,
      "mathematics": 0.9625393152236938,
      "medicine": 0.9319610595703125,
      "physics": 0.936951220035553,
      "weapons": 0.9324747920036316
    },
    "cybersecurity": {
      "biology": 0.9347306489944458,
      "chemistry": 0.9165070652961731,
      "computer_sciense": 0.9746701717376709,
      "cybersecurity": 1.0000001192092896,
      "economics": 0.9524997472763062,
      "law": 0.9541242122650146,
      "mathematics": 0.934519350528717,
      "medicine": 0.9563176035881042,
      "physics": 0.9322831034660339,
      "weapons": 0.9625501036643982
    },
    "economics": {
      "biology": 0.9368323087692261,
      "chemistry": 0.9312072992324829,
      "computer_sciense": 0.9433700442314148,
      "cybersecurity": 0.9524997472763062,
      "economics": 1.0,
      "law": 0.9548780918121338,
      "mathematics": 0.9400293231010437,
      "medicine": 0.951137125492096,
      "physics": 0.9448426961898804,
      "weapons": 0.9630491733551025
    },
    "law": {
      "biology": 0.9150065183639526,
      "chemistry": 0.9001250863075256,
      "computer_sciense": 0.932063639163971,
      "cybersecurity": 0.9541242122650146,
      "economics": 0.9548780918121338,
      "law": 1.0,
      "mathematics": 0.9188781380653381,
      "medicine": 0.9452555179595947,
      "physics": 0.9147528409957886,
      "weapons": 0.961392879486084
    },
    "mathematics": {
      "biology": 0.9188275337219238,
      "chemistry": 0.9373771548271179,
      "computer_sciense": 0.9625393152236938,
      "cybersecurity": 0.934519350528717,
      "economics": 0.9400293231010437,
      "law": 0.9188781380653381,
      "mathematics": 1.0,
      "medicine": 0.9151954650878906,
      "physics": 0.9615327715873718,
      "weapons": 0.9156331419944763
    },
    "medicine": {
      "biology": 0.9708542823791504,
      "chemistry": 0.9293333292007446,
      "computer_sciense": 0.9319610595703125,
      "cybersecurity": 0.9563176035881042,
      "economics": 0.951137125492096,
      "law": 0.9452555179595947,
      "mathematics": 0.9151954650878906,
      "medicine": 1.0,
      "physics": 0.9307147860527039,
      "weapons": 0.9569381475448608
    },
    "physics": {
      "biology": 0.938235342502594,
      "chemistry": 0.9678664207458496,
      "computer_sciense": 0.936951220035553,
      "cybersecurity": 0.9322831034660339,
      "economics": 0.9448426961898804,
      "law": 0.9147528409957886,
      "mathematics": 0.9615327715873718,
      "medicine": 0.9307147860527039,
      "physics": 1.0000001192092896,
      "weapons": 0.9261637330055237
    },
    "weapons": {
      "biology": 0.9311787486076355,
      "chemistry": 0.9179647564888,
      "computer_sciense": 0.9324747920036316,
      "cybersecurity": 0.9625501036643982,
      "economics": 0.9630491733551025,
      "law": 0.961392879486084,
      "mathematics": 0.9156331419944763,
      "medicine": 0.9569381475448608,
      "physics": 0.9261637330055237,
      "weapons": 1.0000001192092896
    }
  },
  "cohesion": {
    "biology": {
      "avg": 0.938181881904602,
      "min": 0.8888852000236511,
      "max": 0.9671676754951477
    },
    "chemistry": {
      "avg": 0.946289758682251,
      "min": 0.9080520868301392,
      "max": 0.9648434519767761
    },
    "computer_sciense": {
      "avg": 0.9457394623756409,
      "min": 0.9032940864562988,
      "max": 0.9722291231155396
    },
    "cybersecurity": {
      "avg": 0.9501306021213531,
      "min": 0.9100194573402405,
      "max": 0.9697171449661255
    },
    "economics": {
      "avg": 0.9470102083683014,
      "min": 0.9152718782424927,
      "max": 0.9737393260002136
    },
    "law": {
      "avg": 0.9478654336929321,
      "min": 0.9126886129379272,
      "max": 0.9721322059631348
    },
    "mathematics": {
      "avg": 0.9462321531772614,
      "min": 0.9100444316864014,
      "max": 0.9732502102851868
    },
    "medicine": {
      "avg": 0.9426296663284301,
      "min": 0.9061344861984253,
      "max": 0.9657060503959656
    },
    "physics": {
      "avg": 0.9487268590927124,
      "min": 0.8942673802375793,
      "max": 0.9651392102241516
    },
    "weapons": {
      "avg": 0.9550769484043121,
      "min": 0.9330631494522095,
      "max": 0.9761188626289368
    }
  },
  "ownership": {
    "biology": {
      "wins": 43,
      "total": 50,
      "win_rate": 0.86
    },
    "chemistry": {
      "wins": 44,
      "total": 50,
      "win_rate": 0.88
    },
    "computer_sciense": {
      "wins": 42,
      "total": 50,
      "win_rate": 0.84
    },
    "cybersecurity": {
      "wins": 46,
      "total": 50,
      "win_rate": 0.92
    },
    "economics": {
      "wins": 47,
      "total": 50,
      "win_rate": 0.94
    },
    "law": {
      "wins": 49,
      "total": 50,
      "win_rate": 0.98
    },
    "mathematics": {
      "wins": 46,
      "total": 50,
      "win_rate": 0.92
    },
    "medicine": {
      "wins": 43,
      "total": 50,
      "win_rate": 0.86
    },
    "physics": {
      "wins": 50,
      "total": 50,
      "win_rate": 1.0
    },
    "weapons": {
      "wins": 48,
      "total": 50,
      "win_rate": 0.96
    }
  },
  "confusion": {
    "biology": {
      "total_losses": 7,
      "total": 50,
      "top_losses": [
        [
          "chemistry",
          4
        ],
        [
          "medicine",
          2
        ],
        [
          "cybersecurity",
          1
        ]
      ]
    },
    "chemistry": {
      "total_losses": 6,
      "total": 50,
      "top_losses": [
        [
          "physics",
          5
        ],
        [
          "mathematics",
          1
        ]
      ]
    },
    "computer_sciense": {
      "total_losses": 8,
      "total": 50,
      "top_losses": [
        [
          "mathematics",
          4
        ],
        [
          "cybersecurity",
          4
        ]
      ]
    },
    "cybersecurity": {
      "total_losses": 4,
      "total": 50,
      "top_losses": [
        [
          "economics",
          1
        ],
        [
          "computer_sciense",
          1
        ],
        [
          "law",
          1
        ]
      ]
    },
    "economics": {
      "total_losses": 3,
      "total": 50,
      "top_losses": [
        [
          "law",
          1
        ],
        [
          "weapons",
          1
        ],
        [
          "mathematics",
          1
        ]
      ]
    },
    "law": {
      "total_losses": 1,
      "total": 50,
      "top_losses": [
        [
          "economics",
          1
        ]
      ]
    },
    "mathematics": {
      "total_losses": 4,